{"cameraMode":{"drawMode":0,"name":"Shaded","section":"Shading Mode"},"sceneLighting":false,"audioPlay":false,"sceneViewState":{"m_AlwaysRefresh":false,"showFog":false,"showSkybox":false,"showFlares":false,"showImageEffects":false,"showParticleSystems":false,"showVisualEffectGraphs":true,"m_FxEnabled":true},"in2DMode":false,"pivot":{"x":0.8191685676574707,"y":1.0636518001556397,"z":0.9457970261573792},"rotation":{"x":0.11788390576839447,"y":-0.7243460416793823,"z":0.12799565494060517,"w":0.6671199798583984},"size":1.1239686012268067,"orthographic":true}